1.0,1
1.1,2
1.5,3
1.6,4
2.0,5
2.0.1,6
2.1,7
2.2,8
2.2.1,8
2.2.2,8
2.2.3,8
2.3,9
2.3.1,9
2.3.2,9
2.3.3,10
2.3.4,10
2.3.5,10
2.3.6,10
2.3.7,10
3.0,11
3.1,12
3.2,13
3.2.1,13
3.2.2,13
3.2.3,13
3.2.4,13
3.2.5,13
3.2.6,13
4.0,14
4.0.1,14
4.0.2,14
4.0.3,15
4.0.4,15
4.1,16
4.1.1,16
4.1.2,16
4.2,17
4.2.1,17
4.2.2,17
4.3,18
4.3.1,18
4.4,19
4.4.1,19
4.4.2,19
4.4.3,19
4.4.4,19
4.4W,20
4.4W.1,20
4.4W.2,20
5.0,21
5.0.1,21
5.0.2,21
5.1,22
5.1.1,22
6.0,23
6.0.1,23
7.0,24
7.1,25
7.1.1,25
7.1.2,25
8.0,26
8.1,27
9,28
10,29
11,30
12,31
12.1,32
13,33
14,34
